Aufgaben-ID,Familie,Variante,Lektion,Karte,Kompetenz,Eingeführt vor Prüfung,Plattformnachweis
ex1:v11:kata-basics:echo,echo,,v11:kata-basics,v11:kata-basics:3,speak,v11:kata-basics:0 | v11:kata-basics:2 | v11:kata-basics:3,Noch zu prüfen
ex1:v11:kata-basics:pairs-text,pairs,text,v11:kata-basics,v11:kata-basics:0,meaning,v11:kata-basics:0 | v11:kata-basics:2 | v11:kata-basics:3,Noch zu prüfen
ex1:v11:kata-basics:recall,recall,,v11:kata-basics,v11:kata-basics:3,apply,v11:kata-basics:0 | v11:kata-basics:2 | v11:kata-basics:3,Noch zu prüfen
ex1:v11:kata-basics:pairs-audio,pairs,audio,v11:kata-basics,v11:kata-basics:0,listen,v11:kata-basics:0 | v11:kata-basics:2 | v11:kata-basics:3,Noch zu prüfen
ex1:v11:kata-long:echo,echo,,v11:kata-long,v11:kata-long:4,speak,v11:kata-long:0 | v11:kata-long:1 | v11:kata-long:4,Noch zu prüfen
ex1:v11:kata-long:pairs-text,pairs,text,v11:kata-long,v11:kata-long:0,meaning,v11:kata-long:0 | v11:kata-long:1 | v11:kata-long:4,Noch zu prüfen
ex1:v11:kata-long:recall,recall,,v11:kata-long,v11:kata-long:4,apply,v11:kata-long:0 | v11:kata-long:1 | v11:kata-long:4,Noch zu prüfen
ex1:v11:kata-long:pairs-audio,pairs,audio,v11:kata-long,v11:kata-long:0,listen,v11:kata-long:0 | v11:kata-long:1 | v11:kata-long:4,Noch zu prüfen
ex1:2:0:echo,echo,,2:0,2:0:3,speak,2:0:0 | 2:0:2 | 2:0:3,Noch zu prüfen
ex1:2:0:pairs-text,pairs,text,2:0,2:0:0,meaning,2:0:0 | 2:0:2 | 2:0:3,Noch zu prüfen
ex1:2:0:recall,recall,,2:0,2:0:3,apply,2:0:0 | 2:0:2 | 2:0:3,Noch zu prüfen
ex1:2:0:pairs-audio,pairs,audio,2:0,2:0:0,listen,2:0:0 | 2:0:2 | 2:0:3,Noch zu prüfen
ex1:2:0:build-jp,translate,de-ja,2:0,2:0:3,build,2:0:0 | 2:0:2 | 2:0:3,Noch zu prüfen
ex1:2:0:hear-gap,hear_gap,,2:0,2:0:3,listen,2:0:0 | 2:0:2 | 2:0:3,Noch zu prüfen
ex1:2:0:choice-gap,choice_gap,,2:0,2:0:3,apply,2:0:0 | 2:0:2 | 2:0:3,Noch zu prüfen
ex1:2:0:multi-gap,multi_gap,,2:0,2:0:3,build,2:0:0 | 2:0:2 | 2:0:3,Noch zu prüfen
ex1:2:1:echo,echo,,2:1,2:1:2,speak,2:1:0 | 2:1:1 | 2:1:2,Noch zu prüfen
ex1:2:1:pairs-text,pairs,text,2:1,2:1:0,meaning,2:1:0 | 2:1:1 | 2:1:2,Noch zu prüfen
ex1:2:1:recall,recall,,2:1,2:1:2,apply,2:1:0 | 2:1:1 | 2:1:2,Noch zu prüfen
ex1:2:1:pairs-audio,pairs,audio,2:1,2:1:0,listen,2:1:0 | 2:1:1 | 2:1:2,Noch zu prüfen
ex1:2:1:build-jp,translate,de-ja,2:1,2:1:2,build,2:1:0 | 2:1:1 | 2:1:2,Noch zu prüfen
ex1:2:1:hear-gap,hear_gap,,2:1,2:1:2,listen,2:1:0 | 2:1:1 | 2:1:2,Noch zu prüfen
ex1:2:1:choice-gap,choice_gap,,2:1,2:1:2,apply,2:1:0 | 2:1:1 | 2:1:2,Noch zu prüfen
ex1:3:0:echo,echo,,3:0,3:0:2,speak,3:0:1 | 3:0:2,Noch zu prüfen
ex1:3:0:pairs-text,pairs,text,3:0,3:0:1,meaning,3:0:1 | 3:0:2,Noch zu prüfen
ex1:3:0:recall,recall,,3:0,3:0:2,apply,3:0:1 | 3:0:2,Noch zu prüfen
ex1:3:0:pairs-audio,pairs,audio,3:0,3:0:1,listen,3:0:1 | 3:0:2,Noch zu prüfen
ex1:3:0:build-jp,translate,de-ja,3:0,3:0:1,build,3:0:1 | 3:0:2,Noch zu prüfen
ex1:3:0:hear-gap,hear_gap,,3:0,3:0:1,listen,3:0:1 | 3:0:2,Noch zu prüfen
ex1:3:0:choice-gap,choice_gap,,3:0,3:0:1,apply,3:0:1 | 3:0:2,Noch zu prüfen
ex1:v11:first-meeting:echo,echo,,v11:first-meeting,v11:first-meeting:4,speak,v11:first-meeting:0 | v11:first-meeting:1 | v11:first-meeting:4,Noch zu prüfen
ex1:v11:first-meeting:pairs-text,pairs,text,v11:first-meeting,v11:first-meeting:0,meaning,v11:first-meeting:0 | v11:first-meeting:1 | v11:first-meeting:4,Noch zu prüfen
ex1:v11:first-meeting:recall,recall,,v11:first-meeting,v11:first-meeting:4,apply,v11:first-meeting:0 | v11:first-meeting:1 | v11:first-meeting:4,Noch zu prüfen
ex1:v11:first-meeting:pairs-audio,pairs,audio,v11:first-meeting,v11:first-meeting:0,listen,v11:first-meeting:0 | v11:first-meeting:1 | v11:first-meeting:4,Noch zu prüfen
ex1:v11:asking-names:echo,echo,,v11:asking-names,v11:asking-names:3,speak,v11:asking-names:0 | v11:asking-names:1 | v11:asking-names:3,Noch zu prüfen
ex1:v11:asking-names:pairs-text,pairs,text,v11:asking-names,v11:asking-names:0,meaning,v11:asking-names:0 | v11:asking-names:1 | v11:asking-names:3,Noch zu prüfen
ex1:v11:asking-names:recall,recall,,v11:asking-names,v11:asking-names:3,apply,v11:asking-names:0 | v11:asking-names:1 | v11:asking-names:3,Noch zu prüfen
ex1:v11:asking-names:pairs-audio,pairs,audio,v11:asking-names,v11:asking-names:0,listen,v11:asking-names:0 | v11:asking-names:1 | v11:asking-names:3,Noch zu prüfen
ex1:v11:asking-names:build-jp,translate,de-ja,v11:asking-names,v11:asking-names:3,build,v11:asking-names:0 | v11:asking-names:1 | v11:asking-names:3,Noch zu prüfen
ex1:v11:asking-names:hear-gap,hear_gap,,v11:asking-names,v11:asking-names:3,listen,v11:asking-names:0 | v11:asking-names:1 | v11:asking-names:3,Noch zu prüfen
ex1:v11:asking-names:choice-gap,choice_gap,,v11:asking-names,v11:asking-names:3,apply,v11:asking-names:0 | v11:asking-names:1 | v11:asking-names:3,Noch zu prüfen
ex1:v11:countries:echo,echo,,v11:countries,v11:countries:2,speak,v11:countries:0 | v11:countries:1 | v11:countries:2,Noch zu prüfen
ex1:v11:countries:pairs-text,pairs,text,v11:countries,v11:countries:0,meaning,v11:countries:0 | v11:countries:1 | v11:countries:2,Noch zu prüfen
ex1:v11:countries:recall,recall,,v11:countries,v11:countries:2,apply,v11:countries:0 | v11:countries:1 | v11:countries:2,Noch zu prüfen
ex1:v11:countries:pairs-audio,pairs,audio,v11:countries,v11:countries:0,listen,v11:countries:0 | v11:countries:1 | v11:countries:2,Noch zu prüfen
ex1:v11:languages:echo,echo,,v11:languages,v11:languages:4,speak,v11:languages:0 | v11:languages:1 | v11:languages:4,Noch zu prüfen
ex1:v11:languages:pairs-text,pairs,text,v11:languages,v11:languages:0,meaning,v11:languages:0 | v11:languages:1 | v11:languages:4,Noch zu prüfen
ex1:v11:languages:recall,recall,,v11:languages,v11:languages:4,apply,v11:languages:0 | v11:languages:1 | v11:languages:4,Noch zu prüfen
ex1:v11:languages:pairs-audio,pairs,audio,v11:languages,v11:languages:0,listen,v11:languages:0 | v11:languages:1 | v11:languages:4,Noch zu prüfen
ex1:v11:languages:build-jp,translate,de-ja,v11:languages,v11:languages:4,build,v11:languages:0 | v11:languages:1 | v11:languages:4,Noch zu prüfen
ex1:v11:languages:hear-gap,hear_gap,,v11:languages,v11:languages:4,listen,v11:languages:0 | v11:languages:1 | v11:languages:4,Noch zu prüfen
ex1:v11:languages:choice-gap,choice_gap,,v11:languages,v11:languages:4,apply,v11:languages:0 | v11:languages:1 | v11:languages:4,Noch zu prüfen
ex1:v11:this-that:echo,echo,,v11:this-that,v11:this-that:2,speak,v11:this-that:0 | v11:this-that:1 | v11:this-that:2,Noch zu prüfen
ex1:v11:this-that:pairs-text,pairs,text,v11:this-that,v11:this-that:0,meaning,v11:this-that:0 | v11:this-that:1 | v11:this-that:2,Noch zu prüfen
ex1:v11:this-that:recall,recall,,v11:this-that,v11:this-that:2,apply,v11:this-that:0 | v11:this-that:1 | v11:this-that:2,Noch zu prüfen
ex1:v11:this-that:pairs-audio,pairs,audio,v11:this-that,v11:this-that:0,listen,v11:this-that:0 | v11:this-that:1 | v11:this-that:2,Noch zu prüfen
ex1:v11:this-noun:echo,echo,,v11:this-noun,v11:this-noun:4,speak,v11:this-noun:0 | v11:this-noun:1 | v11:this-noun:4,Noch zu prüfen
ex1:v11:this-noun:pairs-text,pairs,text,v11:this-noun,v11:this-noun:0,meaning,v11:this-noun:0 | v11:this-noun:1 | v11:this-noun:4,Noch zu prüfen
ex1:v11:this-noun:recall,recall,,v11:this-noun,v11:this-noun:4,apply,v11:this-noun:0 | v11:this-noun:1 | v11:this-noun:4,Noch zu prüfen
ex1:v11:this-noun:pairs-audio,pairs,audio,v11:this-noun,v11:this-noun:0,listen,v11:this-noun:0 | v11:this-noun:1 | v11:this-noun:4,Noch zu prüfen
ex1:v11:this-noun:build-jp,translate,de-ja,v11:this-noun,v11:this-noun:0,build,v11:this-noun:0 | v11:this-noun:1 | v11:this-noun:4,Noch zu prüfen
ex1:v11:this-noun:hear-gap,hear_gap,,v11:this-noun,v11:this-noun:0,listen,v11:this-noun:0 | v11:this-noun:1 | v11:this-noun:4,Noch zu prüfen
ex1:v11:this-noun:choice-gap,choice_gap,,v11:this-noun,v11:this-noun:0,apply,v11:this-noun:0 | v11:this-noun:1 | v11:this-noun:4,Noch zu prüfen
ex1:v11:whose:echo,echo,,v11:whose,v11:whose:2,speak,v11:whose:0 | v11:whose:1 | v11:whose:2,Noch zu prüfen
ex1:v11:whose:pairs-text,pairs,text,v11:whose,v11:whose:0,meaning,v11:whose:0 | v11:whose:1 | v11:whose:2,Noch zu prüfen
ex1:v11:whose:recall,recall,,v11:whose,v11:whose:2,apply,v11:whose:0 | v11:whose:1 | v11:whose:2,Noch zu prüfen
ex1:v11:whose:pairs-audio,pairs,audio,v11:whose,v11:whose:0,listen,v11:whose:0 | v11:whose:1 | v11:whose:2,Noch zu prüfen
ex1:v11:whose:build-jp,translate,de-ja,v11:whose,v11:whose:0,build,v11:whose:0 | v11:whose:1 | v11:whose:2,Noch zu prüfen
ex1:v11:whose:hear-gap,hear_gap,,v11:whose,v11:whose:0,listen,v11:whose:0 | v11:whose:1 | v11:whose:2,Noch zu prüfen
ex1:v11:whose:choice-gap,choice_gap,,v11:whose,v11:whose:0,apply,v11:whose:0 | v11:whose:1 | v11:whose:2,Noch zu prüfen
ex1:v11:whose:multi-gap,multi_gap,,v11:whose,v11:whose:0,build,v11:whose:0 | v11:whose:1 | v11:whose:2,Noch zu prüfen
ex1:v11:here-there:echo,echo,,v11:here-there,v11:here-there:2,speak,v11:here-there:0 | v11:here-there:1 | v11:here-there:2,Noch zu prüfen
ex1:v11:here-there:pairs-text,pairs,text,v11:here-there,v11:here-there:0,meaning,v11:here-there:0 | v11:here-there:1 | v11:here-there:2,Noch zu prüfen
ex1:v11:here-there:recall,recall,,v11:here-there,v11:here-there:2,apply,v11:here-there:0 | v11:here-there:1 | v11:here-there:2,Noch zu prüfen
ex1:v11:here-there:pairs-audio,pairs,audio,v11:here-there,v11:here-there:0,listen,v11:here-there:0 | v11:here-there:1 | v11:here-there:2,Noch zu prüfen
ex1:v11:existence:echo,echo,,v11:existence,v11:existence:4,speak,v11:existence:0 | v11:existence:1 | v11:existence:4,Noch zu prüfen
ex1:v11:existence:pairs-text,pairs,text,v11:existence,v11:existence:0,meaning,v11:existence:0 | v11:existence:1 | v11:existence:4,Noch zu prüfen
ex1:v11:existence:recall,recall,,v11:existence,v11:existence:4,apply,v11:existence:0 | v11:existence:1 | v11:existence:4,Noch zu prüfen
ex1:v11:existence:pairs-audio,pairs,audio,v11:existence,v11:existence:0,listen,v11:existence:0 | v11:existence:1 | v11:existence:4,Noch zu prüfen
ex1:v11:existence:build-jp,translate,de-ja,v11:existence,v11:existence:0,build,v11:existence:0 | v11:existence:1 | v11:existence:4,Noch zu prüfen
ex1:v11:existence:hear-gap,hear_gap,,v11:existence,v11:existence:0,listen,v11:existence:0 | v11:existence:1 | v11:existence:4,Noch zu prüfen
ex1:v11:existence:choice-gap,choice_gap,,v11:existence,v11:existence:0,apply,v11:existence:0 | v11:existence:1 | v11:existence:4,Noch zu prüfen
ex1:5:0:echo,echo,,5:0,5:0:3,speak,5:0:0 | 5:0:1 | 5:0:3,Noch zu prüfen
ex1:5:0:pairs-text,pairs,text,5:0,5:0:0,meaning,5:0:0 | 5:0:1 | 5:0:3,Noch zu prüfen
ex1:5:0:recall,recall,,5:0,5:0:3,apply,5:0:0 | 5:0:1 | 5:0:3,Noch zu prüfen
ex1:5:0:pairs-audio,pairs,audio,5:0,5:0:0,listen,5:0:0 | 5:0:1 | 5:0:3,Noch zu prüfen
ex1:5:0:build-jp,translate,de-ja,5:0,5:0:3,build,5:0:0 | 5:0:1 | 5:0:3,Noch zu prüfen
ex1:5:0:hear-gap,hear_gap,,5:0,5:0:3,listen,5:0:0 | 5:0:1 | 5:0:3,Noch zu prüfen
ex1:5:0:choice-gap,choice_gap,,5:0,5:0:3,apply,5:0:0 | 5:0:1 | 5:0:3,Noch zu prüfen
ex1:5:0:multi-gap,multi_gap,,5:0,5:0:3,build,5:0:0 | 5:0:1 | 5:0:3,Noch zu prüfen
ex1:5:0:build-de,translate,ja-de,5:0,5:0:3,build,5:0:0 | 5:0:1 | 5:0:3,Noch zu prüfen
ex1:v11:location-action:echo,echo,,v11:location-action,v11:location-action:4,speak,v11:location-action:0 | v11:location-action:1 | v11:location-action:4,Noch zu prüfen
ex1:v11:location-action:pairs-text,pairs,text,v11:location-action,v11:location-action:0,meaning,v11:location-action:0 | v11:location-action:1 | v11:location-action:4,Noch zu prüfen
ex1:v11:location-action:recall,recall,,v11:location-action,v11:location-action:4,apply,v11:location-action:0 | v11:location-action:1 | v11:location-action:4,Noch zu prüfen
ex1:v11:location-action:pairs-audio,pairs,audio,v11:location-action,v11:location-action:0,listen,v11:location-action:0 | v11:location-action:1 | v11:location-action:4,Noch zu prüfen
ex1:v11:location-action:build-jp,translate,de-ja,v11:location-action,v11:location-action:0,build,v11:location-action:0 | v11:location-action:1 | v11:location-action:4,Noch zu prüfen
ex1:v11:location-action:hear-gap,hear_gap,,v11:location-action,v11:location-action:0,listen,v11:location-action:0 | v11:location-action:1 | v11:location-action:4,Noch zu prüfen
ex1:v11:location-action:choice-gap,choice_gap,,v11:location-action,v11:location-action:0,apply,v11:location-action:0 | v11:location-action:1 | v11:location-action:4,Noch zu prüfen
ex1:v11:location-action:multi-gap,multi_gap,,v11:location-action,v11:location-action:0,build,v11:location-action:0 | v11:location-action:1 | v11:location-action:4,Noch zu prüfen
ex1:v11:location-action:build-de,translate,ja-de,v11:location-action,v11:location-action:0,build,v11:location-action:0 | v11:location-action:1 | v11:location-action:4,Noch zu prüfen
ex1:v11:polite-past:echo,echo,,v11:polite-past,v11:polite-past:2,speak,v11:polite-past:0 | v11:polite-past:1 | v11:polite-past:2,Noch zu prüfen
ex1:v11:polite-past:pairs-text,pairs,text,v11:polite-past,v11:polite-past:0,meaning,v11:polite-past:0 | v11:polite-past:1 | v11:polite-past:2,Noch zu prüfen
ex1:v11:polite-past:recall,recall,,v11:polite-past,v11:polite-past:2,apply,v11:polite-past:0 | v11:polite-past:1 | v11:polite-past:2,Noch zu prüfen
ex1:v11:polite-past:pairs-audio,pairs,audio,v11:polite-past,v11:polite-past:0,listen,v11:polite-past:0 | v11:polite-past:1 | v11:polite-past:2,Noch zu prüfen
ex1:v11:drinks:echo,echo,,v11:drinks,v11:drinks:2,speak,v11:drinks:0 | v11:drinks:1 | v11:drinks:2,Noch zu prüfen
ex1:v11:drinks:pairs-text,pairs,text,v11:drinks,v11:drinks:0,meaning,v11:drinks:0 | v11:drinks:1 | v11:drinks:2,Noch zu prüfen
ex1:v11:drinks:recall,recall,,v11:drinks,v11:drinks:2,apply,v11:drinks:0 | v11:drinks:1 | v11:drinks:2,Noch zu prüfen
ex1:v11:drinks:pairs-audio,pairs,audio,v11:drinks,v11:drinks:0,listen,v11:drinks:0 | v11:drinks:1 | v11:drinks:2,Noch zu prüfen
ex1:v11:food-preferences:echo,echo,,v11:food-preferences,v11:food-preferences:4,speak,v11:food-preferences:0 | v11:food-preferences:1 | v11:food-preferences:4,Noch zu prüfen
ex1:v11:food-preferences:pairs-text,pairs,text,v11:food-preferences,v11:food-preferences:0,meaning,v11:food-preferences:0 | v11:food-preferences:1 | v11:food-preferences:4,Noch zu prüfen
ex1:v11:food-preferences:recall,recall,,v11:food-preferences,v11:food-preferences:4,apply,v11:food-preferences:0 | v11:food-preferences:1 | v11:food-preferences:4,Noch zu prüfen
ex1:v11:food-preferences:pairs-audio,pairs,audio,v11:food-preferences,v11:food-preferences:0,listen,v11:food-preferences:0 | v11:food-preferences:1 | v11:food-preferences:4,Noch zu prüfen
ex1:v11:food-preferences:build-jp,translate,de-ja,v11:food-preferences,v11:food-preferences:1,build,v11:food-preferences:0 | v11:food-preferences:1 | v11:food-preferences:4,Noch zu prüfen
ex1:v11:food-preferences:hear-gap,hear_gap,,v11:food-preferences,v11:food-preferences:1,listen,v11:food-preferences:0 | v11:food-preferences:1 | v11:food-preferences:4,Noch zu prüfen
ex1:v11:food-preferences:choice-gap,choice_gap,,v11:food-preferences,v11:food-preferences:1,apply,v11:food-preferences:0 | v11:food-preferences:1 | v11:food-preferences:4,Noch zu prüfen
ex1:6:0:echo,echo,,6:0,6:0:2,speak,6:0:0 | 6:0:1 | 6:0:2,Noch zu prüfen
ex1:6:0:pairs-text,pairs,text,6:0,6:0:0,meaning,6:0:0 | 6:0:1 | 6:0:2,Noch zu prüfen
ex1:6:0:recall,recall,,6:0,6:0:2,apply,6:0:0 | 6:0:1 | 6:0:2,Noch zu prüfen
ex1:6:0:pairs-audio,pairs,audio,6:0,6:0:0,listen,6:0:0 | 6:0:1 | 6:0:2,Noch zu prüfen
ex1:6:0:build-jp,translate,de-ja,6:0,6:0:0,build,6:0:0 | 6:0:1 | 6:0:2,Noch zu prüfen
ex1:6:0:hear-gap,hear_gap,,6:0,6:0:0,listen,6:0:0 | 6:0:1 | 6:0:2,Noch zu prüfen
ex1:6:0:choice-gap,choice_gap,,6:0,6:0:0,apply,6:0:0 | 6:0:1 | 6:0:2,Noch zu prüfen
ex1:6:0:multi-gap,multi_gap,,6:0,6:0:0,build,6:0:0 | 6:0:1 | 6:0:2,Noch zu prüfen
ex1:6:0:build-de,translate,ja-de,6:0,6:0:0,build,6:0:0 | 6:0:1 | 6:0:2,Noch zu prüfen
ex1:v11:clock-hours:echo,echo,,v11:clock-hours,v11:clock-hours:4,speak,v11:clock-hours:0 | v11:clock-hours:1 | v11:clock-hours:4,Noch zu prüfen
ex1:v11:clock-hours:pairs-text,pairs,text,v11:clock-hours,v11:clock-hours:0,meaning,v11:clock-hours:0 | v11:clock-hours:1 | v11:clock-hours:4,Noch zu prüfen
ex1:v11:clock-hours:recall,recall,,v11:clock-hours,v11:clock-hours:4,apply,v11:clock-hours:0 | v11:clock-hours:1 | v11:clock-hours:4,Noch zu prüfen
ex1:v11:clock-hours:pairs-audio,pairs,audio,v11:clock-hours,v11:clock-hours:0,listen,v11:clock-hours:0 | v11:clock-hours:1 | v11:clock-hours:4,Noch zu prüfen
ex1:v11:inviting:echo,echo,,v11:inviting,v11:inviting:2,speak,v11:inviting:0 | v11:inviting:1 | v11:inviting:2,Noch zu prüfen
ex1:v11:inviting:pairs-text,pairs,text,v11:inviting,v11:inviting:0,meaning,v11:inviting:0 | v11:inviting:1 | v11:inviting:2,Noch zu prüfen
ex1:v11:inviting:recall,recall,,v11:inviting,v11:inviting:2,apply,v11:inviting:0 | v11:inviting:1 | v11:inviting:2,Noch zu prüfen
ex1:v11:inviting:pairs-audio,pairs,audio,v11:inviting,v11:inviting:0,listen,v11:inviting:0 | v11:inviting:1 | v11:inviting:2,Noch zu prüfen
ex1:v11:read-profile:echo,echo,,v11:read-profile,v11:read-profile:2,speak,v11:read-profile:0 | v11:read-profile:1 | v11:read-profile:2,Noch zu prüfen
ex1:v11:read-profile:pairs-text,pairs,text,v11:read-profile,v11:read-profile:0,meaning,v11:read-profile:0 | v11:read-profile:1 | v11:read-profile:2,Noch zu prüfen
ex1:v11:read-profile:recall,recall,,v11:read-profile,v11:read-profile:2,apply,v11:read-profile:0 | v11:read-profile:1 | v11:read-profile:2,Noch zu prüfen
ex1:v11:read-profile:pairs-audio,pairs,audio,v11:read-profile,v11:read-profile:0,listen,v11:read-profile:0 | v11:read-profile:1 | v11:read-profile:2,Noch zu prüfen
ex1:v11:read-profile:build-jp,translate,de-ja,v11:read-profile,v11:read-profile:0,build,v11:read-profile:0 | v11:read-profile:1 | v11:read-profile:2,Noch zu prüfen
ex1:v11:read-profile:hear-gap,hear_gap,,v11:read-profile,v11:read-profile:0,listen,v11:read-profile:0 | v11:read-profile:1 | v11:read-profile:2,Noch zu prüfen
ex1:v11:read-profile:choice-gap,choice_gap,,v11:read-profile,v11:read-profile:0,apply,v11:read-profile:0 | v11:read-profile:1 | v11:read-profile:2,Noch zu prüfen
ex1:v11:read-profile:read,read,,v11:read-profile,v11:read-profile:2,apply,v11:read-profile:0 | v11:read-profile:1 | v11:read-profile:2,Noch zu prüfen
ex1:v11:read-day:echo,echo,,v11:read-day,v11:read-day:2,speak,v11:read-day:0 | v11:read-day:1 | v11:read-day:2,Noch zu prüfen
ex1:v11:read-day:pairs-text,pairs,text,v11:read-day,v11:read-day:0,meaning,v11:read-day:0 | v11:read-day:1 | v11:read-day:2,Noch zu prüfen
ex1:v11:read-day:recall,recall,,v11:read-day,v11:read-day:2,apply,v11:read-day:0 | v11:read-day:1 | v11:read-day:2,Noch zu prüfen
ex1:v11:read-day:pairs-audio,pairs,audio,v11:read-day,v11:read-day:0,listen,v11:read-day:0 | v11:read-day:1 | v11:read-day:2,Noch zu prüfen
ex1:v11:read-day:build-jp,translate,de-ja,v11:read-day,v11:read-day:0,build,v11:read-day:0 | v11:read-day:1 | v11:read-day:2,Noch zu prüfen
ex1:v11:read-day:hear-gap,hear_gap,,v11:read-day,v11:read-day:0,listen,v11:read-day:0 | v11:read-day:1 | v11:read-day:2,Noch zu prüfen
ex1:v11:read-day:choice-gap,choice_gap,,v11:read-day,v11:read-day:0,apply,v11:read-day:0 | v11:read-day:1 | v11:read-day:2,Noch zu prüfen
ex1:v11:read-day:read,read,,v11:read-day,v11:read-day:1,apply,v11:read-day:0 | v11:read-day:1 | v11:read-day:2,Noch zu prüfen
ex1:v11:read-plan:echo,echo,,v11:read-plan,v11:read-plan:2,speak,v11:read-plan:0 | v11:read-plan:1 | v11:read-plan:2,Noch zu prüfen
ex1:v11:read-plan:pairs-text,pairs,text,v11:read-plan,v11:read-plan:0,meaning,v11:read-plan:0 | v11:read-plan:1 | v11:read-plan:2,Noch zu prüfen
ex1:v11:read-plan:recall,recall,,v11:read-plan,v11:read-plan:2,apply,v11:read-plan:0 | v11:read-plan:1 | v11:read-plan:2,Noch zu prüfen
ex1:v11:read-plan:pairs-audio,pairs,audio,v11:read-plan,v11:read-plan:0,listen,v11:read-plan:0 | v11:read-plan:1 | v11:read-plan:2,Noch zu prüfen
ex1:v11:read-plan:build-jp,translate,de-ja,v11:read-plan,v11:read-plan:0,build,v11:read-plan:0 | v11:read-plan:1 | v11:read-plan:2,Noch zu prüfen
ex1:v11:read-plan:hear-gap,hear_gap,,v11:read-plan,v11:read-plan:0,listen,v11:read-plan:0 | v11:read-plan:1 | v11:read-plan:2,Noch zu prüfen
ex1:v11:read-plan:choice-gap,choice_gap,,v11:read-plan,v11:read-plan:0,apply,v11:read-plan:0 | v11:read-plan:1 | v11:read-plan:2,Noch zu prüfen
ex1:v11:read-plan:read,read,,v11:read-plan,v11:read-plan:2,apply,v11:read-plan:0 | v11:read-plan:1 | v11:read-plan:2,Noch zu prüfen
